{
    "$schema": "http://schema.management.azure.com/schemas/2015-01-01/deploymentTemplate.json#",
    "contentVersion": "1.0.0.0",
    "parameters": {
        "factoryName": {
            "type": "string",
            "metadata": "Data Factory name",
            "defaultValue": "adf-derekfunk-dev-datafactory"
        },
        "SmartFoodsLocalFileSystem_password": {
            "type": "secureString",
            "metadata": "Secure string for 'password' of 'SmartFoodsLocalFileSystem'"
        },
        "adfderekfunkdevkvls_properties_typeProperties_baseUrl": {
            "type": "string",
            "defaultValue": "https://adf-derekfunk-dev-kv.vault.azure.net/"
        },
        "SmartFoodsApiLinkedService_properties_typeProperties_url": {
            "type": "string",
            "defaultValue": "https://smartfoods.azurewebsites.net/api/"
        },
        "WWISftp_properties_typeProperties_host": {
            "type": "string",
            "defaultValue": "adflabsftp.westus2.cloudapp.azure.com"
        },
        "WWISftp_properties_typeProperties_userName": {
            "type": "string",
            "defaultValue": "sftpuser"
        },
        "adfderekfunkdevstoragederekfunk_properties_typeProperties_connectionString_secretName": {
            "type": "string",
            "defaultValue": "adfderekfunkdevstorageconnectionstring"
        },
        "AzureSqlDatabase1_properties_typeProperties_connectionString_secretName": {
            "type": "string",
            "defaultValue": "adf-derekfunk-dev-sqldb-connectionstring"
        },
        "SmartFoodsLocalFileSystem_properties_typeProperties_host": {
            "type": "string",
            "defaultValue": "C:\\Users\\adf_ir"
        },
        "SmartFoodsLocalFileSystem_properties_typeProperties_userId": {
            "type": "string",
            "defaultValue": "adf_ir"
        }
    },
    "variables": {
        "factoryId": "[concat('Microsoft.DataFactory/factories/', parameters('factoryName'))]"
    },
    "resources": [
        {
            "name": "[concat(parameters('factoryName'), '/adfderekfunkdevkvls')]",
            "type": "Microsoft.DataFactory/factories/linkedServices",
            "apiVersion": "2018-06-01",
            "properties": {
                "annotations": [],
                "type": "AzureKeyVault",
                "typeProperties": {
                    "baseUrl": "[parameters('adfderekfunkdevkvls_properties_typeProperties_baseUrl')]"
                }
            },
            "dependsOn": []
        },
        {
            "name": "[concat(parameters('factoryName'), '/SmartFoodsApiLinkedService')]",
            "type": "Microsoft.DataFactory/factories/linkedServices",
            "apiVersion": "2018-06-01",
            "properties": {
                "annotations": [],
                "type": "HttpServer",
                "typeProperties": {
                    "url": "[parameters('SmartFoodsApiLinkedService_properties_typeProperties_url')]",
                    "enableServerCertificateValidation": true,
                    "authenticationType": "Anonymous"
                }
            },
            "dependsOn": []
        },
        {
            "name": "[concat(parameters('factoryName'), '/adf-derekfunk-dev-datafactory-ir1')]",
            "type": "Microsoft.DataFactory/factories/integrationRuntimes",
            "apiVersion": "2018-06-01",
            "properties": {
                "type": "Managed",
                "typeProperties": {
                    "computeProperties": {
                        "location": "AutoResolve",
                        "dataFlowProperties": {
                            "computeType": "General",
                            "coreCount": 8,
                            "timeToLive": 0
                        }
                    }
                }
            },
            "dependsOn": []
        },
        {
            "name": "[concat(parameters('factoryName'), '/OnPremisesIR')]",
            "type": "Microsoft.DataFactory/factories/integrationRuntimes",
            "apiVersion": "2018-06-01",
            "properties": {
                "type": "SelfHosted",
                "typeProperties": {}
            },
            "dependsOn": []
        },
        {
            "name": "[concat(parameters('factoryName'), '/SmartFoodsTransactionApiCsv')]",
            "type": "Microsoft.DataFactory/factories/datasets",
            "apiVersion": "2018-06-01",
            "properties": {
                "linkedServiceName": {
                    "referenceName": "SmartFoodsApiLinkedService",
                    "type": "LinkedServiceReference"
                },
                "parameters": {
                    "authCode": {
                        "type": "string"
                    }
                },
                "annotations": [],
                "type": "DelimitedText",
                "typeProperties": {
                    "location": {
                        "type": "HttpServerLocation",
                        "relativeUrl": {
                            "value": "smartfoods?code=@{dataset().authCode}",
                            "type": "Expression"
                        }
                    },
                    "columnDelimiter": ",",
                    "escapeChar": "\\",
                    "firstRowAsHeader": true,
                    "quoteChar": "\""
                },
                "schema": []
            },
            "dependsOn": [
                "[concat(variables('factoryId'), '/linkedServices/SmartFoodsApiLinkedService')]"
            ]
        },
        {
            "name": "[concat(parameters('factoryName'), '/SmartFoodsCustomerApiJson')]",
            "type": "Microsoft.DataFactory/factories/datasets",
            "apiVersion": "2018-06-01",
            "properties": {
                "linkedServiceName": {
                    "referenceName": "SmartFoodsApiLinkedService",
                    "type": "LinkedServiceReference"
                },
                "parameters": {
                    "authCode": {
                        "type": "string"
                    }
                },
                "annotations": [],
                "type": "Json",
                "typeProperties": {
                    "location": {
                        "type": "HttpServerLocation",
                        "relativeUrl": {
                            "value": "smartfoods?code=@{dataset().authCode}",
                            "type": "Expression"
                        }
                    }
                },
                "schema": {}
            },
            "dependsOn": [
                "[concat(variables('factoryId'), '/linkedServices/SmartFoodsApiLinkedService')]"
            ]
        },
        {
            "name": "[concat(parameters('factoryName'), '/WWISftp')]",
            "type": "Microsoft.DataFactory/factories/linkedServices",
            "apiVersion": "2018-06-01",
            "properties": {
                "annotations": [],
                "type": "Sftp",
                "typeProperties": {
                    "host": "[parameters('WWISftp_properties_typeProperties_host')]",
                    "port": 22,
                    "skipHostKeyValidation": true,
                    "authenticationType": "Basic",
                    "userName": "[parameters('WWISftp_properties_typeProperties_userName')]",
                    "password": {
                        "type": "AzureKeyVaultSecret",
                        "store": {
                            "referenceName": "adfderekfunkdevkvls",
                            "type": "LinkedServiceReference"
                        },
                        "secretName": "WWISftpPassword"
                    }
                },
                "connectVia": {
                    "referenceName": "adf-derekfunk-dev-datafactory-ir1",
                    "type": "IntegrationRuntimeReference"
                }
            },
            "dependsOn": [
                "[concat(variables('factoryId'), '/integrationRuntimes/adf-derekfunk-dev-datafactory-ir1')]",
                "[concat(variables('factoryId'), '/linkedServices/adfderekfunkdevkvls')]"
            ]
        },
        {
            "name": "[concat(parameters('factoryName'), '/adfderekfunkdevstoragederekfunk')]",
            "type": "Microsoft.DataFactory/factories/linkedServices",
            "apiVersion": "2018-06-01",
            "properties": {
                "annotations": [],
                "type": "AzureBlobStorage",
                "typeProperties": {
                    "connectionString": {
                        "type": "AzureKeyVaultSecret",
                        "store": {
                            "referenceName": "adfderekfunkdevkvls",
                            "type": "LinkedServiceReference"
                        },
                        "secretName": "[parameters('adfderekfunkdevstoragederekfunk_properties_typeProperties_connectionString_secretName')]"
                    }
                },
                "connectVia": {
                    "referenceName": "adf-derekfunk-dev-datafactory-ir1",
                    "type": "IntegrationRuntimeReference"
                }
            },
            "dependsOn": [
                "[concat(variables('factoryId'), '/integrationRuntimes/adf-derekfunk-dev-datafactory-ir1')]",
                "[concat(variables('factoryId'), '/linkedServices/adfderekfunkdevkvls')]"
            ]
        },
        {
            "name": "[concat(parameters('factoryName'), '/AzureSqlDatabase1')]",
            "type": "Microsoft.DataFactory/factories/linkedServices",
            "apiVersion": "2018-06-01",
            "properties": {
                "annotations": [],
                "type": "AzureSqlDatabase",
                "typeProperties": {
                    "connectionString": {
                        "type": "AzureKeyVaultSecret",
                        "store": {
                            "referenceName": "adfderekfunkdevkvls",
                            "type": "LinkedServiceReference"
                        },
                        "secretName": "[parameters('AzureSqlDatabase1_properties_typeProperties_connectionString_secretName')]"
                    }
                },
                "connectVia": {
                    "referenceName": "adf-derekfunk-dev-datafactory-ir1",
                    "type": "IntegrationRuntimeReference"
                }
            },
            "dependsOn": [
                "[concat(variables('factoryId'), '/integrationRuntimes/adf-derekfunk-dev-datafactory-ir1')]",
                "[concat(variables('factoryId'), '/linkedServices/adfderekfunkdevkvls')]"
            ]
        },
        {
            "name": "[concat(parameters('factoryName'), '/SmartFoodsLocalFileSystem')]",
            "type": "Microsoft.DataFactory/factories/linkedServices",
            "apiVersion": "2018-06-01",
            "properties": {
                "annotations": [],
                "type": "FileServer",
                "typeProperties": {
                    "host": "[parameters('SmartFoodsLocalFileSystem_properties_typeProperties_host')]",
                    "userId": "[parameters('SmartFoodsLocalFileSystem_properties_typeProperties_userId')]",
                    "password": {
                        "type": "SecureString",
                        "value": "[parameters('SmartFoodsLocalFileSystem_password')]"
                    }
                },
                "connectVia": {
                    "referenceName": "OnPremisesIR",
                    "type": "IntegrationRuntimeReference"
                }
            },
            "dependsOn": [
                "[concat(variables('factoryId'), '/integrationRuntimes/OnPremisesIR')]"
            ]
        },
        {
            "name": "[concat(parameters('factoryName'), '/WWISftpParquet')]",
            "type": "Microsoft.DataFactory/factories/datasets",
            "apiVersion": "2018-06-01",
            "properties": {
                "linkedServiceName": {
                    "referenceName": "WWISftp",
                    "type": "LinkedServiceReference"
                },
                "parameters": {
                    "folder": {
                        "type": "string"
                    },
                    "filename": {
                        "type": "string"
                    },
                    "filetype": {
                        "type": "string"
                    }
                },
                "annotations": [],
                "type": "Parquet",
                "typeProperties": {
                    "location": {
                        "type": "SftpLocation",
                        "fileName": {
                            "value": "@{dataset().filename}.@{dataset().filetype}",
                            "type": "Expression"
                        },
                        "folderPath": {
                            "value": "@dataset().folder",
                            "type": "Expression"
                        }
                    },
                    "compressionCodec": "snappy"
                },
                "schema": []
            },
            "dependsOn": [
                "[concat(variables('factoryId'), '/linkedServices/WWISftp')]"
            ]
        },
        {
            "name": "[concat(parameters('factoryName'), '/WWIStagingBlobParquet')]",
            "type": "Microsoft.DataFactory/factories/datasets",
            "apiVersion": "2018-06-01",
            "properties": {
                "linkedServiceName": {
                    "referenceName": "adfderekfunkdevstoragederekfunk",
                    "type": "LinkedServiceReference"
                },
                "parameters": {
                    "folder": {
                        "type": "string"
                    },
                    "filename": {
                        "type": "string"
                    },
                    "filetype": {
                        "type": "string"
                    }
                },
                "annotations": [],
                "type": "Parquet",
                "typeProperties": {
                    "location": {
                        "type": "AzureBlobStorageLocation",
                        "fileName": {
                            "value": "@{dataset().filename}.@{dataset().filetype}",
                            "type": "Expression"
                        },
                        "folderPath": {
                            "value": "@dataset().folder",
                            "type": "Expression"
                        },
                        "container": "wwistaging"
                    },
                    "compressionCodec": "snappy"
                },
                "schema": []
            },
            "dependsOn": [
                "[concat(variables('factoryId'), '/linkedServices/adfderekfunkdevstoragederekfunk')]"
            ]
        },
        {
            "name": "[concat(parameters('factoryName'), '/WWIDataWarehouseBlobParquet')]",
            "type": "Microsoft.DataFactory/factories/datasets",
            "apiVersion": "2018-06-01",
            "properties": {
                "linkedServiceName": {
                    "referenceName": "adfderekfunkdevstoragederekfunk",
                    "type": "LinkedServiceReference"
                },
                "parameters": {
                    "folder": {
                        "type": "string"
                    },
                    "filename": {
                        "type": "string"
                    },
                    "filetype": {
                        "type": "string"
                    }
                },
                "annotations": [],
                "type": "Parquet",
                "typeProperties": {
                    "location": {
                        "type": "AzureBlobStorageLocation",
                        "fileName": {
                            "value": "@{dataset().filename}.@{dataset().filetype}",
                            "type": "Expression"
                        },
                        "folderPath": {
                            "value": "@dataset().folder",
                            "type": "Expression"
                        },
                        "container": "wwidatawarehouse"
                    },
                    "compressionCodec": "snappy"
                },
                "schema": []
            },
            "dependsOn": [
                "[concat(variables('factoryId'), '/linkedServices/adfderekfunkdevstoragederekfunk')]"
            ]
        },
        {
            "name": "[concat(parameters('factoryName'), '/AzureSqlTable1')]",
            "type": "Microsoft.DataFactory/factories/datasets",
            "apiVersion": "2018-06-01",
            "properties": {
                "linkedServiceName": {
                    "referenceName": "AzureSqlDatabase1",
                    "type": "LinkedServiceReference"
                },
                "parameters": {
                    "schema": {
                        "type": "string"
                    },
                    "table_name": {
                        "type": "string"
                    }
                },
                "annotations": [],
                "type": "AzureSqlTable",
                "schema": [],
                "typeProperties": {
                    "schema": {
                        "value": "@dataset().schema",
                        "type": "Expression"
                    },
                    "table": {
                        "value": "@dataset().table_name",
                        "type": "Expression"
                    }
                }
            },
            "dependsOn": [
                "[concat(variables('factoryId'), '/linkedServices/AzureSqlDatabase1')]"
            ]
        },
        {
            "name": "[concat(parameters('factoryName'), '/SmartFoodsDelimitedTextBlob')]",
            "type": "Microsoft.DataFactory/factories/datasets",
            "apiVersion": "2018-06-01",
            "properties": {
                "linkedServiceName": {
                    "referenceName": "adfderekfunkdevstoragederekfunk",
                    "type": "LinkedServiceReference"
                },
                "parameters": {
                    "folder": {
                        "type": "string"
                    },
                    "filename": {
                        "type": "string"
                    },
                    "filetype": {
                        "type": "string"
                    }
                },
                "annotations": [],
                "type": "DelimitedText",
                "typeProperties": {
                    "location": {
                        "type": "AzureBlobStorageLocation",
                        "fileName": {
                            "value": "@{dataset().filename}.@{dataset().filetype}",
                            "type": "Expression"
                        },
                        "folderPath": {
                            "value": "@dataset().folder",
                            "type": "Expression"
                        },
                        "container": "smartfoodsstaging"
                    },
                    "columnDelimiter": ",",
                    "escapeChar": "\\",
                    "firstRowAsHeader": true,
                    "quoteChar": "\""
                },
                "schema": []
            },
            "dependsOn": [
                "[concat(variables('factoryId'), '/linkedServices/adfderekfunkdevstoragederekfunk')]"
            ]
        },
        {
            "name": "[concat(parameters('factoryName'), '/SmartFoodsRefDataLocalFileSystem')]",
            "type": "Microsoft.DataFactory/factories/datasets",
            "apiVersion": "2018-06-01",
            "properties": {
                "linkedServiceName": {
                    "referenceName": "SmartFoodsLocalFileSystem",
                    "type": "LinkedServiceReference"
                },
                "parameters": {
                    "file": {
                        "type": "string"
                    },
                    "filetype": {
                        "type": "string"
                    }
                },
                "annotations": [],
                "type": "DelimitedText",
                "typeProperties": {
                    "location": {
                        "type": "FileServerLocation",
                        "fileName": {
                            "value": "@{dataset().file}.@{dataset().filetype}",
                            "type": "Expression"
                        }
                    },
                    "columnDelimiter": ",",
                    "compressionCodec": "ZipDeflate",
                    "escapeChar": "\\",
                    "firstRowAsHeader": true,
                    "quoteChar": "\""
                },
                "schema": []
            },
            "dependsOn": [
                "[concat(variables('factoryId'), '/linkedServices/SmartFoodsLocalFileSystem')]"
            ]
        },
        {
            "name": "[concat(parameters('factoryName'), '/SmartFoodsDelimitedTextBlobOnlyFolderPram')]",
            "type": "Microsoft.DataFactory/factories/datasets",
            "apiVersion": "2018-06-01",
            "properties": {
                "linkedServiceName": {
                    "referenceName": "adfderekfunkdevstoragederekfunk",
                    "type": "LinkedServiceReference"
                },
                "parameters": {
                    "folder": {
                        "type": "string"
                    }
                },
                "annotations": [],
                "type": "DelimitedText",
                "typeProperties": {
                    "location": {
                        "type": "AzureBlobStorageLocation",
                        "folderPath": {
                            "value": "@dataset().folder",
                            "type": "Expression"
                        },
                        "container": "smartfoodsstaging"
                    },
                    "columnDelimiter": ",",
                    "escapeChar": "\\",
                    "firstRowAsHeader": true,
                    "quoteChar": "\""
                },
                "schema": []
            },
            "dependsOn": [
                "[concat(variables('factoryId'), '/linkedServices/adfderekfunkdevstoragederekfunk')]"
            ]
        },
        {
            "name": "[concat(parameters('factoryName'), '/SmartFoodsCustomerELT')]",
            "type": "Microsoft.DataFactory/factories/dataflows",
            "apiVersion": "2018-06-01",
            "properties": {
                "type": "MappingDataFlow",
                "typeProperties": {
                    "sources": [
                        {
                            "dataset": {
                                "referenceName": "SmartFoodsDelimitedTextBlob",
                                "type": "DatasetReference"
                            },
                            "name": "SmartFoodsCustomerStagingBlob"
                        },
                        {
                            "dataset": {
                                "referenceName": "AzureSqlTable1",
                                "type": "DatasetReference"
                            },
                            "name": "SmartFoodsCustomerSQLDW"
                        }
                    ],
                    "sinks": [
                        {
                            "dataset": {
                                "referenceName": "AzureSqlTable1",
                                "type": "DatasetReference"
                            },
                            "name": "DBSink"
                        }
                    ],
                    "transformations": [
                        {
                            "name": "AddFirstNameLastName"
                        },
                        {
                            "name": "FixColumnNamesRemoveName"
                        },
                        {
                            "name": "MD5Hash"
                        },
                        {
                            "name": "CurrentRecordsOnly"
                        },
                        {
                            "name": "JoinStagingToDWDim"
                        },
                        {
                            "name": "SDC2Split"
                        },
                        {
                            "name": "SelectNewInsert"
                        },
                        {
                            "name": "SelectChangedUpdate"
                        },
                        {
                            "name": "UpdateRecsBatchColumns"
                        },
                        {
                            "name": "ALLInserts"
                        },
                        {
                            "name": "SurrogateKey"
                        },
                        {
                            "name": "AddMaxCustomerKey"
                        },
                        {
                            "name": "InsertRecsBatchColumns"
                        },
                        {
                            "name": "UnionInsertUpdates"
                        },
                        {
                            "name": "MarkRow"
                        },
                        {
                            "name": "SelectChangedInsert"
                        }
                    ],
                    "script": "parameters{\n\tMaxCustomerKey as integer,\n\tBatchDt as string\n}\nsource(output(\n\t\tloyalty_num as string,\n\t\tname as string,\n\t\temail as string,\n\t\tdob as date,\n\t\taddress as string,\n\t\tcity as string,\n\t\tstate as string,\n\t\tpostCode as string,\n\t\tmembersince as date\n\t),\n\tallowSchemaDrift: true,\n\tvalidateSchema: false,\n\tignoreNoFilesFound: false,\n\trowUrlColumn: 'sourceLineage') ~> SmartFoodsCustomerStagingBlob\nsource(output(\n\t\tCustomerKey as long,\n\t\tLoyaltyNum as string,\n\t\tFirstName as string,\n\t\tLastName as string,\n\t\tCity as string,\n\t\tState as string,\n\t\tEmail as string,\n\t\tAddress as string,\n\t\tPostCode as string,\n\t\tMemberSince as date,\n\t\tDob as date,\n\t\tRecInsertDt as date,\n\t\tRecStartDt as date,\n\t\tRecEndDt as date,\n\t\tRecCurrInd as boolean,\n\t\tsourceLineage as string,\n\t\tRecMd5Hash as string\n\t),\n\tallowSchemaDrift: true,\n\tvalidateSchema: false,\n\tignoreNoFilesFound: false,\n\tisolationLevel: 'READ_UNCOMMITTED',\n\tformat: 'table') ~> SmartFoodsCustomerSQLDW\nSmartFoodsCustomerStagingBlob derive(FirstName = split(name,\" \")[1],\n\t\tLastName = split(name,\" \")[2]) ~> AddFirstNameLastName\nAddFirstNameLastName select(mapColumn(\n\t\tiLoyaltyNum = loyalty_num,\n\t\tiEmail = email,\n\t\tiDob = dob,\n\t\tiAddress = address,\n\t\tiCity = city,\n\t\tiState = state,\n\t\tiPostCode = postCode,\n\t\tiMembersince = membersince,\n\t\tiSourceLineage = sourceLineage,\n\t\tiFirstName = FirstName,\n\t\tiLastName = LastName\n\t),\n\tskipDuplicateMapInputs: true,\n\tskipDuplicateMapOutputs: true) ~> FixColumnNamesRemoveName\nFixColumnNamesRemoveName derive(iRecMd5Hash = md5( iif(isNull(iEmail),'',toString(iEmail))+ \niif(isNull(iDob),'',toString(iDob))+ \niif(isNull(iAddress),'',toString(iAddress))+ \niif(isNull(iCity),'',toString(iCity))+ \niif(isNull(iState),'',toString(iState))+ \niif(isNull(iPostCode),'',toString(iPostCode))+ \niif(isNull(iMembersince),'',toString(iMembersince))+ \niif(isNull(iFirstName),'',toString(iFirstName))+ \niif(isNull(iLastName),'',toString(iLastName)))) ~> MD5Hash\nSmartFoodsCustomerSQLDW filter(isNull(RecEndDt)) ~> CurrentRecordsOnly\nMD5Hash, CurrentRecordsOnly join(iLoyaltyNum == LoyaltyNum,\n\tjoinType:'left',\n\tbroadcast: 'auto')~> JoinStagingToDWDim\nJoinStagingToDWDim split(isNull(LoyaltyNum),\n\t!(isNull(LoyaltyNum)) && (iRecMd5Hash !=RecMd5Hash),\n\t!(isNull(LoyaltyNum)) && (iRecMd5Hash == RecMd5Hash),\n\tdisjoint: false) ~> SDC2Split@(New, Changed, Unchanged)\nSDC2Split@New select(mapColumn(\n\t\tLoyaltyNum = iLoyaltyNum,\n\t\tEmail = iEmail,\n\t\tDob = iDob,\n\t\tAddress = iAddress,\n\t\tCity = iCity,\n\t\tState = iState,\n\t\tPostCode = iPostCode,\n\t\tMemberSince = iMembersince,\n\t\tSourceLineage = iSourceLineage,\n\t\tFirstName = iFirstName,\n\t\tLastName = iLastName,\n\t\tRecMd5Hash = iRecMd5Hash\n\t),\n\tskipDuplicateMapInputs: false,\n\tskipDuplicateMapOutputs: true) ~> SelectNewInsert\nSDC2Split@Changed select(mapColumn(\n\t\tCustomerKey,\n\t\tLoyaltyNum,\n\t\tFirstName,\n\t\tLastName,\n\t\tCity,\n\t\tState,\n\t\tEmail,\n\t\tAddress,\n\t\tPostCode,\n\t\tMemberSince,\n\t\tDob,\n\t\tRecInsertDt,\n\t\tRecStartDt,\n\t\tSourceLineage = sourceLineage,\n\t\tRecMd5Hash\n\t),\n\tskipDuplicateMapInputs: true,\n\tskipDuplicateMapOutputs: true) ~> SelectChangedUpdate\nSelectChangedUpdate derive(RecEndDt = toDate($BatchDt, 'yyyy-MM-dd'),\n\t\tRecCurrInd = false()) ~> UpdateRecsBatchColumns\nSelectNewInsert, SelectChangedInsert union(byName: true)~> ALLInserts\nALLInserts keyGenerate(output(CustomerKey as long),\n\tstartAt: 1L) ~> SurrogateKey\nSurrogateKey derive(CustomerKey = CustomerKey+$MaxCustomerKey) ~> AddMaxCustomerKey\nAddMaxCustomerKey derive(RecInsertDt = currentDate(),\n\t\tRecCurrInd = true(),\n\t\tRecStartDt = toDate($BatchDt,'yyyy-MM-dd'),\n\t\tRecEndDt = toDate(toString(null()))) ~> InsertRecsBatchColumns\nInsertRecsBatchColumns, UpdateRecsBatchColumns union(byName: true)~> UnionInsertUpdates\nUnionInsertUpdates alterRow(updateIf(!isNull(RecEndDt)),\n\tinsertIf(isNull(RecEndDt))) ~> MarkRow\nSDC2Split@Changed select(mapColumn(\n\t\tLoyaltyNum = iLoyaltyNum,\n\t\tEmail = iEmail,\n\t\tDob = iDob,\n\t\tAddress = iAddress,\n\t\tCity = iCity,\n\t\tState = iState,\n\t\tPostCode = iPostCode,\n\t\tMemberSince = iMembersince,\n\t\tSourceLineage = iSourceLineage,\n\t\tFirstName = iFirstName,\n\t\tLastName = iLastName,\n\t\tRecMd5Hash = iRecMd5Hash\n\t),\n\tskipDuplicateMapInputs: true,\n\tskipDuplicateMapOutputs: true) ~> SelectChangedInsert\nMarkRow sink(allowSchemaDrift: true,\n\tvalidateSchema: true,\n\tdeletable:false,\n\tinsertable:true,\n\tupdateable:true,\n\tupsertable:false,\n\tkeys:['CustomerKey'],\n\tformat: 'table',\n\tskipDuplicateMapInputs: true,\n\tskipDuplicateMapOutputs: true,\n\terrorHandlingOption: 'stopOnFirstError') ~> DBSink"
                }
            },
            "dependsOn": [
                "[concat(variables('factoryId'), '/datasets/SmartFoodsDelimitedTextBlob')]",
                "[concat(variables('factoryId'), '/datasets/AzureSqlTable1')]"
            ]
        },
        {
            "name": "[concat(parameters('factoryName'), '/SmartFoodCustomerApiToBlob')]",
            "type": "Microsoft.DataFactory/factories/pipelines",
            "apiVersion": "2018-06-01",
            "properties": {
                "activities": [
                    {
                        "name": "AKVUsername",
                        "type": "WebActivity",
                        "dependsOn": [],
                        "policy": {
                            "timeout": "7.00:00:00",
                            "retry": 0,
                            "retryIntervalInSeconds": 30,
                            "secureOutput": true,
                            "secureInput": false
                        },
                        "userProperties": [],
                        "typeProperties": {
                            "url": "https://adf-derekfunk-dev-kv.vault.azure.net/secrets/SmartFoodsRestAPIUsername/e2bd74ffd8374e4c9061c9c1f7d65029?api-version=7.0",
                            "method": "GET",
                            "headers": {},
                            "authentication": {
                                "type": "MSI",
                                "resource": "https://vault.azure.net"
                            }
                        }
                    },
                    {
                        "name": "AKVPassword",
                        "type": "WebActivity",
                        "dependsOn": [],
                        "policy": {
                            "timeout": "7.00:00:00",
                            "retry": 0,
                            "retryIntervalInSeconds": 30,
                            "secureOutput": true,
                            "secureInput": false
                        },
                        "userProperties": [],
                        "typeProperties": {
                            "url": "https://adf-derekfunk-dev-kv.vault.azure.net/secrets/SmartFoodsRestAPIPassword/8deca86d613c4b94908142e59e8648f1?api-version=7.0",
                            "method": "GET",
                            "headers": {},
                            "authentication": {
                                "type": "MSI",
                                "resource": "https://vault.azure.net"
                            }
                        }
                    },
                    {
                        "name": "SmartFoodsLogin",
                        "type": "WebActivity",
                        "dependsOn": [
                            {
                                "activity": "AKVUsername",
                                "dependencyConditions": [
                                    "Succeeded"
                                ]
                            },
                            {
                                "activity": "AKVPassword",
                                "dependencyConditions": [
                                    "Succeeded"
                                ]
                            }
                        ],
                        "policy": {
                            "timeout": "7.00:00:00",
                            "retry": 0,
                            "retryIntervalInSeconds": 30,
                            "secureOutput": true,
                            "secureInput": false
                        },
                        "userProperties": [],
                        "typeProperties": {
                            "url": "https://smartfoods.azurewebsites.net/api/SmartFoodsOauth",
                            "method": "POST",
                            "headers": {},
                            "body": {
                                "value": "@json(concat('{\"username\":\"',activity('AKVUsername').output.value,'\",\"password\":\"',activity('AKVPassword').output.value,'\"'))",
                                "type": "Expression"
                            }
                        }
                    },
                    {
                        "name": "SetAccessToken",
                        "type": "SetVariable",
                        "dependsOn": [
                            {
                                "activity": "SmartFoodsLogin",
                                "dependencyConditions": [
                                    "Succeeded"
                                ]
                            }
                        ],
                        "userProperties": [],
                        "typeProperties": {
                            "variableName": "token",
                            "value": {
                                "value": "@activity('SmartFoodsLogin').output.token",
                                "type": "Expression"
                            }
                        }
                    },
                    {
                        "name": "SmartFoodsCustomersToBlob",
                        "type": "Copy",
                        "dependsOn": [
                            {
                                "activity": "SetAccessToken",
                                "dependencyConditions": [
                                    "Succeeded"
                                ]
                            }
                        ],
                        "policy": {
                            "timeout": "7.00:00:00",
                            "retry": 0,
                            "retryIntervalInSeconds": 30,
                            "secureOutput": false,
                            "secureInput": false
                        },
                        "userProperties": [],
                        "typeProperties": {
                            "source": {
                                "type": "JsonSource",
                                "storeSettings": {
                                    "type": "HttpReadSettings",
                                    "requestMethod": "POST",
                                    "requestBody": {
                                        "value": "@{json(concat('{\"trans_date\": \"',pipeline().parameters.date,'\",\"dataDomain\" : \"customers\"}'))}",
                                        "type": "Expression"
                                    },
                                    "requestTimeout": ""
                                },
                                "formatSettings": {
                                    "type": "JsonReadSettings"
                                }
                            },
                            "sink": {
                                "type": "DelimitedTextSink",
                                "storeSettings": {
                                    "type": "AzureBlobStorageWriteSettings"
                                },
                                "formatSettings": {
                                    "type": "DelimitedTextWriteSettings",
                                    "quoteAllText": true,
                                    "fileExtension": ".txt"
                                }
                            },
                            "enableStaging": false
                        },
                        "inputs": [
                            {
                                "referenceName": "SmartFoodsCustomerApiJson",
                                "type": "DatasetReference",
                                "parameters": {
                                    "authCode": {
                                        "value": "@variables('token')",
                                        "type": "Expression"
                                    }
                                }
                            }
                        ],
                        "outputs": [
                            {
                                "referenceName": "SmartFoodsDelimitedTextBlob",
                                "type": "DatasetReference",
                                "parameters": {
                                    "folder": "customers",
                                    "filename": {
                                        "value": "smartfoods_customers_@{replace(pipeline().parameters.date,'-','')}",
                                        "type": "Expression"
                                    },
                                    "filetype": "csv"
                                }
                            }
                        ]
                    }
                ],
                "parameters": {
                    "date": {
                        "type": "string"
                    }
                },
                "variables": {
                    "token": {
                        "type": "String"
                    }
                },
                "annotations": [],
                "lastPublishTime": "2021-01-24T17:28:54Z"
            },
            "dependsOn": [
                "[concat(variables('factoryId'), '/datasets/SmartFoodsCustomerApiJson')]",
                "[concat(variables('factoryId'), '/datasets/SmartFoodsDelimitedTextBlob')]"
            ]
        },
        {
            "name": "[concat(parameters('factoryName'), '/SmartFoodTransactionApiToBlob')]",
            "type": "Microsoft.DataFactory/factories/pipelines",
            "apiVersion": "2018-06-01",
            "properties": {
                "activities": [
                    {
                        "name": "AKVUsername",
                        "type": "WebActivity",
                        "dependsOn": [],
                        "policy": {
                            "timeout": "7.00:00:00",
                            "retry": 0,
                            "retryIntervalInSeconds": 30,
                            "secureOutput": true,
                            "secureInput": false
                        },
                        "userProperties": [],
                        "typeProperties": {
                            "url": "https://adf-derekfunk-dev-kv.vault.azure.net/secrets/SmartFoodsRestAPIUsername/e2bd74ffd8374e4c9061c9c1f7d65029?api-version=7.0",
                            "method": "GET",
                            "headers": {},
                            "authentication": {
                                "type": "MSI",
                                "resource": "https://vault.azure.net"
                            }
                        }
                    },
                    {
                        "name": "AKVPassword",
                        "type": "WebActivity",
                        "dependsOn": [],
                        "policy": {
                            "timeout": "7.00:00:00",
                            "retry": 0,
                            "retryIntervalInSeconds": 30,
                            "secureOutput": true,
                            "secureInput": false
                        },
                        "userProperties": [],
                        "typeProperties": {
                            "url": "https://adf-derekfunk-dev-kv.vault.azure.net/secrets/SmartFoodsRestAPIPassword/8deca86d613c4b94908142e59e8648f1?api-version=7.0",
                            "method": "GET",
                            "headers": {},
                            "authentication": {
                                "type": "MSI",
                                "resource": "https://vault.azure.net"
                            }
                        }
                    },
                    {
                        "name": "SmartFoodsLogin",
                        "type": "WebActivity",
                        "dependsOn": [
                            {
                                "activity": "AKVUsername",
                                "dependencyConditions": [
                                    "Succeeded"
                                ]
                            },
                            {
                                "activity": "AKVPassword",
                                "dependencyConditions": [
                                    "Succeeded"
                                ]
                            }
                        ],
                        "policy": {
                            "timeout": "7.00:00:00",
                            "retry": 0,
                            "retryIntervalInSeconds": 30,
                            "secureOutput": true,
                            "secureInput": false
                        },
                        "userProperties": [],
                        "typeProperties": {
                            "url": "https://smartfoods.azurewebsites.net/api/SmartFoodsOauth",
                            "method": "POST",
                            "headers": {},
                            "body": {
                                "value": "@json(concat('{\"username\":\"',activity('AKVUsername').output.value,'\",\"password\":\"',activity('AKVPassword').output.value,'\"'))",
                                "type": "Expression"
                            }
                        }
                    },
                    {
                        "name": "SetAccessToken",
                        "type": "SetVariable",
                        "dependsOn": [
                            {
                                "activity": "SmartFoodsLogin",
                                "dependencyConditions": [
                                    "Succeeded"
                                ]
                            }
                        ],
                        "userProperties": [],
                        "typeProperties": {
                            "variableName": "token",
                            "value": {
                                "value": "@activity('SmartFoodsLogin').output.token",
                                "type": "Expression"
                            }
                        }
                    },
                    {
                        "name": "SmartFoodsTransactionsToBlob",
                        "type": "Copy",
                        "dependsOn": [
                            {
                                "activity": "SetAccessToken",
                                "dependencyConditions": [
                                    "Succeeded"
                                ]
                            }
                        ],
                        "policy": {
                            "timeout": "7.00:00:00",
                            "retry": 0,
                            "retryIntervalInSeconds": 30,
                            "secureOutput": false,
                            "secureInput": false
                        },
                        "userProperties": [],
                        "typeProperties": {
                            "source": {
                                "type": "DelimitedTextSource",
                                "storeSettings": {
                                    "type": "HttpReadSettings",
                                    "requestMethod": "POST",
                                    "requestBody": {
                                        "value": "@{json(concat('{\"trans_date\": \"',pipeline().parameters.date,'\",\"dataDomain\" : \"transactions\"}'))}",
                                        "type": "Expression"
                                    },
                                    "requestTimeout": ""
                                },
                                "formatSettings": {
                                    "type": "DelimitedTextReadSettings"
                                }
                            },
                            "sink": {
                                "type": "DelimitedTextSink",
                                "storeSettings": {
                                    "type": "AzureBlobStorageWriteSettings"
                                },
                                "formatSettings": {
                                    "type": "DelimitedTextWriteSettings",
                                    "quoteAllText": true,
                                    "fileExtension": ".txt"
                                }
                            },
                            "enableStaging": false,
                            "translator": {
                                "type": "TabularTranslator",
                                "typeConversion": true,
                                "typeConversionSettings": {
                                    "allowDataTruncation": true,
                                    "treatBooleanAsNumber": false
                                }
                            }
                        },
                        "inputs": [
                            {
                                "referenceName": "SmartFoodsTransactionApiCsv",
                                "type": "DatasetReference",
                                "parameters": {
                                    "authCode": {
                                        "value": "@variables('token')",
                                        "type": "Expression"
                                    }
                                }
                            }
                        ],
                        "outputs": [
                            {
                                "referenceName": "SmartFoodsDelimitedTextBlob",
                                "type": "DatasetReference",
                                "parameters": {
                                    "folder": "transaction",
                                    "filename": {
                                        "value": "smartfoods_transactions_@{replace(pipeline().parameters.date,'-','')}",
                                        "type": "Expression"
                                    },
                                    "filetype": "csv"
                                }
                            }
                        ]
                    }
                ],
                "parameters": {
                    "date": {
                        "type": "string"
                    }
                },
                "variables": {
                    "token": {
                        "type": "String"
                    }
                },
                "annotations": [],
                "lastPublishTime": "2021-01-24T19:26:50Z"
            },
            "dependsOn": [
                "[concat(variables('factoryId'), '/datasets/SmartFoodsTransactionApiCsv')]",
                "[concat(variables('factoryId'), '/datasets/SmartFoodsDelimitedTextBlob')]"
            ]
        }
    ]
}