{
    "$schema": "http://schema.management.azure.com/schemas/2015-01-01/deploymentTemplate.json#",
    "contentVersion": "1.0.0.0",
    "parameters": {
        "factoryName": {
            "type": "string",
            "metadata": "Data Factory name",
            "defaultValue": "adf-derekfunk-dev-datafactory"
        },
        "SmartFoodsLocalFileSystem_password": {
            "type": "secureString",
            "metadata": "Secure string for 'password' of 'SmartFoodsLocalFileSystem'"
        },
        "adfderekfunkdevkvls_properties_typeProperties_baseUrl": {
            "type": "string",
            "defaultValue": "https://adf-derekfunk-dev-kv.vault.azure.net/"
        },
        "WWISftp_properties_typeProperties_host": {
            "type": "string",
            "defaultValue": "adflabsftp.westus2.cloudapp.azure.com"
        },
        "WWISftp_properties_typeProperties_userName": {
            "type": "string",
            "defaultValue": "sftpuser"
        },
        "adfderekfunkdevstoragederekfunk_properties_typeProperties_connectionString_secretName": {
            "type": "string",
            "defaultValue": "adfderekfunkdevstorageconnectionstring"
        },
        "AzureSqlDatabase1_properties_typeProperties_connectionString_secretName": {
            "type": "string",
            "defaultValue": "adf-derekfunk-dev-sqldb-connectionstring"
        },
        "SmartFoodsApiLinkedService_properties_typeProperties_url": {
            "type": "string",
            "defaultValue": "https://smartfoods.azurewebsites.net/api/"
        },
        "SmartFoodsLocalFileSystem_properties_typeProperties_host": {
            "type": "string",
            "defaultValue": "C:\\Users\\adf_ir"
        },
        "SmartFoodsLocalFileSystem_properties_typeProperties_userId": {
            "type": "string",
            "defaultValue": "adf_ir"
        },
        "containerUri": {
            "type": "string",
            "metadata": "URI to storage account containing linked ARM templates"
        },
        "containerSasToken": {
            "type": "string",
            "metadata": "Sas token to storage account containing linked ARM templates"
        }
    },
    "variables": {
        "factoryId": "[concat('Microsoft.DataFactory/factories/', parameters('factoryName'))]"
    },
    "resources": [
        {
            "name": "adf-derekfunk-dev-datafactory_ArmTemplate_0",
            "type": "Microsoft.Resources/deployments",
            "apiVersion": "2018-02-01",
            "properties": {
                "mode": "incremental",
                "templateLink": {
                    "uri": "[concat(parameters('containerUri'), '/ArmTemplate_0.json', parameters('containerSasToken'))]",
                    "contentVersion": "1.0.0.0"
                },
                "parameters": {
                    "factoryName": {
                        "value": "[parameters('factoryName')]"
                    },
                    "SmartFoodsLocalFileSystem_password": {
                        "value": "[parameters('SmartFoodsLocalFileSystem_password')]"
                    },
                    "adfderekfunkdevkvls_properties_typeProperties_baseUrl": {
                        "value": "[parameters('adfderekfunkdevkvls_properties_typeProperties_baseUrl')]"
                    },
                    "SmartFoodsApiLinkedService_properties_typeProperties_url": {
                        "value": "[parameters('SmartFoodsApiLinkedService_properties_typeProperties_url')]"
                    },
                    "WWISftp_properties_typeProperties_host": {
                        "value": "[parameters('WWISftp_properties_typeProperties_host')]"
                    },
                    "WWISftp_properties_typeProperties_userName": {
                        "value": "[parameters('WWISftp_properties_typeProperties_userName')]"
                    },
                    "adfderekfunkdevstoragederekfunk_properties_typeProperties_connectionString_secretName": {
                        "value": "[parameters('adfderekfunkdevstoragederekfunk_properties_typeProperties_connectionString_secretName')]"
                    },
                    "AzureSqlDatabase1_properties_typeProperties_connectionString_secretName": {
                        "value": "[parameters('AzureSqlDatabase1_properties_typeProperties_connectionString_secretName')]"
                    },
                    "SmartFoodsLocalFileSystem_properties_typeProperties_host": {
                        "value": "[parameters('SmartFoodsLocalFileSystem_properties_typeProperties_host')]"
                    },
                    "SmartFoodsLocalFileSystem_properties_typeProperties_userId": {
                        "value": "[parameters('SmartFoodsLocalFileSystem_properties_typeProperties_userId')]"
                    }
                }
            },
            "dependsOn": []
        },
        {
            "name": "adf-derekfunk-dev-datafactory_ArmTemplate_1",
            "type": "Microsoft.Resources/deployments",
            "apiVersion": "2018-02-01",
            "properties": {
                "mode": "incremental",
                "templateLink": {
                    "uri": "[concat(parameters('containerUri'), '/ArmTemplate_1.json', parameters('containerSasToken'))]",
                    "contentVersion": "1.0.0.0"
                },
                "parameters": {
                    "factoryName": {
                        "value": "[parameters('factoryName')]"
                    }
                }
            },
            "dependsOn": [
                "[resourceId('Microsoft.Resources/deployments', 'adf-derekfunk-dev-datafactory_ArmTemplate_0')]"
            ]
        }
    ]
}