{
    "$schema": "https://schema.management.azure.com/schemas/2015-01-01/deploymentParameters.json#",
    "contentVersion": "1.0.0.0",
    "parameters": {
        "factoryName": {
            "value": "adf-derekfunk-dev-datafactory"
        },
        "SmartFoodsLocalFileSystem_password": {
            "value": ""
        },
        "adfderekfunkdevkvls_properties_typeProperties_baseUrl": {
            "value": "https://adf-derekfunk-dev-kv.vault.azure.net/"
        },
        "WWISftp_properties_typeProperties_host": {
            "value": "adflabsftp.westus2.cloudapp.azure.com"
        },
        "WWISftp_properties_typeProperties_userName": {
            "value": "sftpuser"
        },
        "adfderekfunkdevstoragederekfunk_properties_typeProperties_connectionString_secretName": {
            "value": "adfderekfunkdevstorageconnectionstring"
        },
        "AzureSqlDatabase1_properties_typeProperties_connectionString_secretName": {
            "value": "adf-derekfunk-dev-sqldb-connectionstring"
        },
        "SmartFoodsApiLinkedService_properties_typeProperties_url": {
            "value": "https://smartfoods.azurewebsites.net/api/"
        },
        "SmartFoodsLocalFileSystem_properties_typeProperties_host": {
            "value": "C:\\Users\\adf_ir"
        },
        "SmartFoodsLocalFileSystem_properties_typeProperties_userId": {
            "value": "adf_ir"
        },
        "containerUri": {
            "value": ""
        },
        "containerSasToken": {
            "value": ""
        }
    }
}