{
    "$schema": "http://schema.management.azure.com/schemas/2015-01-01/deploymentTemplate.json#",
    "contentVersion": "1.0.0.0",
    "parameters": {
        "factoryName": {
            "type": "string",
            "metadata": "Data Factory name",
            "defaultValue": "adf-derekfunk-dev-datafactory"
        }
    },
    "variables": {
        "factoryId": "[concat('Microsoft.DataFactory/factories/', parameters('factoryName'))]"
    },
    "resources": [
        {
            "name": "[concat(parameters('factoryName'), '/WWICustomersSftpToBlob')]",
            "type": "Microsoft.DataFactory/factories/pipelines",
            "apiVersion": "2018-06-01",
            "properties": {
                "activities": [
                    {
                        "name": "CopyWWICustomerSFTPtoBlob",
                        "type": "Copy",
                        "dependsOn": [],
                        "policy": {
                            "timeout": "7.00:00:00",
                            "retry": 0,
                            "retryIntervalInSeconds": 30,
                            "secureOutput": false,
                            "secureInput": false
                        },
                        "userProperties": [],
                        "typeProperties": {
                            "source": {
                                "type": "ParquetSource",
                                "storeSettings": {
                                    "type": "SftpReadSettings",
                                    "recursive": true,
                                    "enablePartitionDiscovery": false
                                }
                            },
                            "sink": {
                                "type": "ParquetSink",
                                "storeSettings": {
                                    "type": "AzureBlobStorageWriteSettings"
                                },
                                "formatSettings": {
                                    "type": "ParquetWriteSettings"
                                }
                            },
                            "enableStaging": false,
                            "translator": {
                                "type": "TabularTranslator",
                                "typeConversion": true,
                                "typeConversionSettings": {
                                    "allowDataTruncation": true,
                                    "treatBooleanAsNumber": false
                                }
                            }
                        },
                        "inputs": [
                            {
                                "referenceName": "WWISftpParquet",
                                "type": "DatasetReference",
                                "parameters": {
                                    "folder": "WorldWideImporters/customers",
                                    "filename": "customers_@{pipeline().parameters.date}",
                                    "filetype": "parquet"
                                }
                            }
                        ],
                        "outputs": [
                            {
                                "referenceName": "WWIStagingBlobParquet",
                                "type": "DatasetReference",
                                "parameters": {
                                    "folder": "customer",
                                    "filename": "customers_@{pipeline().parameters.date}",
                                    "filetype": "parquet"
                                }
                            }
                        ]
                    }
                ],
                "parameters": {
                    "date": {
                        "type": "string"
                    }
                },
                "annotations": [],
                "lastPublishTime": "2021-01-25T00:18:28Z"
            },
            "dependsOn": []
        },
        {
            "name": "[concat(parameters('factoryName'), '/WWIOrdersSftpToBlob')]",
            "type": "Microsoft.DataFactory/factories/pipelines",
            "apiVersion": "2018-06-01",
            "properties": {
                "activities": [
                    {
                        "name": "CopyWWIOrderSFTPtoBlob",
                        "type": "Copy",
                        "dependsOn": [],
                        "policy": {
                            "timeout": "7.00:00:00",
                            "retry": 0,
                            "retryIntervalInSeconds": 30,
                            "secureOutput": false,
                            "secureInput": false
                        },
                        "userProperties": [],
                        "typeProperties": {
                            "source": {
                                "type": "ParquetSource",
                                "storeSettings": {
                                    "type": "SftpReadSettings",
                                    "recursive": true,
                                    "enablePartitionDiscovery": false
                                }
                            },
                            "sink": {
                                "type": "ParquetSink",
                                "storeSettings": {
                                    "type": "AzureBlobStorageWriteSettings"
                                },
                                "formatSettings": {
                                    "type": "ParquetWriteSettings"
                                }
                            },
                            "enableStaging": false,
                            "translator": {
                                "type": "TabularTranslator",
                                "typeConversion": true,
                                "typeConversionSettings": {
                                    "allowDataTruncation": true,
                                    "treatBooleanAsNumber": false
                                }
                            }
                        },
                        "inputs": [
                            {
                                "referenceName": "WWISftpParquet",
                                "type": "DatasetReference",
                                "parameters": {
                                    "folder": "WorldWideImporters/orders",
                                    "filename": "orders_@{pipeline().parameters.date}",
                                    "filetype": "parquet"
                                }
                            }
                        ],
                        "outputs": [
                            {
                                "referenceName": "WWIStagingBlobParquet",
                                "type": "DatasetReference",
                                "parameters": {
                                    "folder": "order",
                                    "filename": "orders_@{pipeline().parameters.date}",
                                    "filetype": "parquet"
                                }
                            }
                        ]
                    }
                ],
                "parameters": {
                    "date": {
                        "type": "string"
                    }
                },
                "annotations": [],
                "lastPublishTime": "2021-01-25T00:18:28Z"
            },
            "dependsOn": []
        },
        {
            "name": "[concat(parameters('factoryName'), '/WWIOrderlinesSftpToBlob')]",
            "type": "Microsoft.DataFactory/factories/pipelines",
            "apiVersion": "2018-06-01",
            "properties": {
                "activities": [
                    {
                        "name": "CopyWWIOrderlinesSFTPtoBlob",
                        "type": "Copy",
                        "dependsOn": [],
                        "policy": {
                            "timeout": "7.00:00:00",
                            "retry": 0,
                            "retryIntervalInSeconds": 30,
                            "secureOutput": false,
                            "secureInput": false
                        },
                        "userProperties": [],
                        "typeProperties": {
                            "source": {
                                "type": "ParquetSource",
                                "storeSettings": {
                                    "type": "SftpReadSettings",
                                    "recursive": true,
                                    "enablePartitionDiscovery": false
                                }
                            },
                            "sink": {
                                "type": "ParquetSink",
                                "storeSettings": {
                                    "type": "AzureBlobStorageWriteSettings"
                                },
                                "formatSettings": {
                                    "type": "ParquetWriteSettings"
                                }
                            },
                            "enableStaging": false,
                            "translator": {
                                "type": "TabularTranslator",
                                "typeConversion": true,
                                "typeConversionSettings": {
                                    "allowDataTruncation": true,
                                    "treatBooleanAsNumber": false
                                }
                            }
                        },
                        "inputs": [
                            {
                                "referenceName": "WWISftpParquet",
                                "type": "DatasetReference",
                                "parameters": {
                                    "folder": "WorldWideImporters/orderlines",
                                    "filename": "orderlines_@{pipeline().parameters.date}",
                                    "filetype": "parquet"
                                }
                            }
                        ],
                        "outputs": [
                            {
                                "referenceName": "WWIStagingBlobParquet",
                                "type": "DatasetReference",
                                "parameters": {
                                    "folder": "orderline",
                                    "filename": "orderlines_@{pipeline().parameters.date}",
                                    "filetype": "parquet"
                                }
                            }
                        ]
                    }
                ],
                "parameters": {
                    "date": {
                        "type": "string"
                    }
                },
                "annotations": [],
                "lastPublishTime": "2021-01-25T00:42:11Z"
            },
            "dependsOn": []
        },
        {
            "name": "[concat(parameters('factoryName'), '/SmartFoodsRefDataLocalFStoBlob')]",
            "type": "Microsoft.DataFactory/factories/pipelines",
            "apiVersion": "2018-06-01",
            "properties": {
                "activities": [
                    {
                        "name": "GetSmartFoodsRefDataFileListLocalFS",
                        "type": "GetMetadata",
                        "dependsOn": [],
                        "policy": {
                            "timeout": "7.00:00:00",
                            "retry": 0,
                            "retryIntervalInSeconds": 30,
                            "secureOutput": false,
                            "secureInput": false
                        },
                        "userProperties": [],
                        "typeProperties": {
                            "dataset": {
                                "referenceName": "SmartFoodsRefDataLocalFileSystem",
                                "type": "DatasetReference",
                                "parameters": {
                                    "file": "*",
                                    "filetype": "zip"
                                }
                            },
                            "fieldList": [
                                {
                                    "value": "childItems",
                                    "type": "Expression"
                                }
                            ],
                            "storeSettings": {
                                "type": "FileServerReadSettings",
                                "recursive": true,
                                "enablePartitionDiscovery": false
                            },
                            "formatSettings": {
                                "type": "DelimitedTextReadSettings"
                            }
                        }
                    },
                    {
                        "name": "LoopSmartFoodsLocalFileSystemRefDataFiles",
                        "type": "ForEach",
                        "dependsOn": [
                            {
                                "activity": "GetSmartFoodsRefDataFileListLocalFS",
                                "dependencyConditions": [
                                    "Succeeded"
                                ]
                            }
                        ],
                        "userProperties": [],
                        "typeProperties": {
                            "items": {
                                "value": "@activity('GetSmartFoodsRefDataFileListLocalFS').output.childItems",
                                "type": "Expression"
                            },
                            "activities": [
                                {
                                    "name": "CopySmartFoodsRefDataLocalFStoBlob",
                                    "type": "Copy",
                                    "dependsOn": [],
                                    "policy": {
                                        "timeout": "7.00:00:00",
                                        "retry": 0,
                                        "retryIntervalInSeconds": 30,
                                        "secureOutput": false,
                                        "secureInput": false
                                    },
                                    "userProperties": [],
                                    "typeProperties": {
                                        "source": {
                                            "type": "DelimitedTextSource",
                                            "storeSettings": {
                                                "type": "FileServerReadSettings",
                                                "recursive": true,
                                                "enablePartitionDiscovery": false
                                            },
                                            "formatSettings": {
                                                "type": "DelimitedTextReadSettings",
                                                "compressionProperties": {
                                                    "type": "ZipDeflateReadSettings"
                                                }
                                            }
                                        },
                                        "sink": {
                                            "type": "DelimitedTextSink",
                                            "storeSettings": {
                                                "type": "AzureBlobStorageWriteSettings",
                                                "copyBehavior": "PreserveHierarchy"
                                            },
                                            "formatSettings": {
                                                "type": "DelimitedTextWriteSettings",
                                                "quoteAllText": true,
                                                "fileExtension": ".txt"
                                            }
                                        },
                                        "enableStaging": false,
                                        "translator": {
                                            "type": "TabularTranslator",
                                            "typeConversion": true,
                                            "typeConversionSettings": {
                                                "allowDataTruncation": true,
                                                "treatBooleanAsNumber": false
                                            }
                                        }
                                    },
                                    "inputs": [
                                        {
                                            "referenceName": "SmartFoodsRefDataLocalFileSystem",
                                            "type": "DatasetReference",
                                            "parameters": {
                                                "file": "@first(split(item().name,'.'))",
                                                "filetype": "@last(split(item().name,'.'))"
                                            }
                                        }
                                    ],
                                    "outputs": [
                                        {
                                            "referenceName": "SmartFoodsDelimitedTextBlobOnlyFolderPram",
                                            "type": "DatasetReference",
                                            "parameters": {
                                                "folder": "ref_data"
                                            }
                                        }
                                    ]
                                },
                                {
                                    "name": "DeleteSmartFoodsRefDataLocalFS",
                                    "type": "Delete",
                                    "dependsOn": [
                                        {
                                            "activity": "CopySmartFoodsRefDataLocalFStoBlob",
                                            "dependencyConditions": [
                                                "Succeeded"
                                            ]
                                        }
                                    ],
                                    "policy": {
                                        "timeout": "7.00:00:00",
                                        "retry": 0,
                                        "retryIntervalInSeconds": 30,
                                        "secureOutput": false,
                                        "secureInput": false
                                    },
                                    "userProperties": [],
                                    "typeProperties": {
                                        "dataset": {
                                            "referenceName": "SmartFoodsRefDataLocalFileSystem",
                                            "type": "DatasetReference",
                                            "parameters": {
                                                "file": "@first(split(item().name,'.'))",
                                                "filetype": "@last(split(item().name,'.'))"
                                            }
                                        },
                                        "enableLogging": false,
                                        "storeSettings": {
                                            "type": "FileServerReadSettings",
                                            "recursive": true,
                                            "enablePartitionDiscovery": false
                                        }
                                    }
                                }
                            ]
                        }
                    }
                ],
                "annotations": [],
                "lastPublishTime": "2021-01-25T21:02:29Z"
            },
            "dependsOn": []
        },
        {
            "name": "[concat(parameters('factoryName'), '/SmartFoodFoodELT')]",
            "type": "Microsoft.DataFactory/factories/dataflows",
            "apiVersion": "2018-06-01",
            "properties": {
                "type": "MappingDataFlow",
                "typeProperties": {
                    "sources": [
                        {
                            "dataset": {
                                "referenceName": "SmartFoodsDelimitedTextBlob",
                                "type": "DatasetReference"
                            },
                            "name": "SmartFoodsFoodStagingBlob"
                        },
                        {
                            "dataset": {
                                "referenceName": "AzureSqlTable1",
                                "type": "DatasetReference"
                            },
                            "name": "SmartFoodsFoodSQLDW"
                        }
                    ],
                    "sinks": [
                        {
                            "dataset": {
                                "referenceName": "AzureSqlTable1",
                                "type": "DatasetReference"
                            },
                            "name": "FoodDim"
                        }
                    ],
                    "transformations": [
                        {
                            "name": "FixColumnNames"
                        },
                        {
                            "name": "MD5Hash"
                        },
                        {
                            "name": "FilterCurrentRows"
                        },
                        {
                            "name": "JoinStagingToDWDim"
                        },
                        {
                            "name": "SDC2Split"
                        },
                        {
                            "name": "SelectChangedUpdate"
                        },
                        {
                            "name": "UpdateRecsBatchColumns"
                        },
                        {
                            "name": "SelectChangedInsert"
                        },
                        {
                            "name": "SelectNewInsert"
                        },
                        {
                            "name": "AllInserts"
                        },
                        {
                            "name": "SurrogateKey"
                        },
                        {
                            "name": "AddMaxFoodKey"
                        },
                        {
                            "name": "InsertRecsBatchColumns"
                        },
                        {
                            "name": "UnionInsertUpdates"
                        },
                        {
                            "name": "MarkRow"
                        }
                    ],
                    "script": "parameters{\n\tMaxSurrogateKey as integer (2),\n\tBatchDt as string (\"2020-01-01\")\n}\nsource(output(\n\t\tsku as string,\n\t\tdesc as string,\n\t\tfoodGroup as string\n\t),\n\tallowSchemaDrift: true,\n\tvalidateSchema: false,\n\tignoreNoFilesFound: false,\n\trowUrlColumn: 'sourceLineage') ~> SmartFoodsFoodStagingBlob\nsource(output(\n\t\tsku as string,\n\t\tfoodKey as long,\n\t\tdesc as string,\n\t\tfoodGroup as string,\n\t\tRecInsertDt as date,\n\t\tRecStartDt as date,\n\t\tRecEndDt as date,\n\t\tRecCurrInd as boolean,\n\t\tsourceLineage as string,\n\t\tRecMd5Hash as string\n\t),\n\tallowSchemaDrift: false,\n\tvalidateSchema: false,\n\tignoreNoFilesFound: false,\n\tisolationLevel: 'READ_UNCOMMITTED',\n\tformat: 'table') ~> SmartFoodsFoodSQLDW\nSmartFoodsFoodStagingBlob select(mapColumn(\n\t\tisku = sku,\n\t\tidesc = desc,\n\t\tifoodGroup = foodGroup,\n\t\tisourceLineage = sourceLineage\n\t),\n\tskipDuplicateMapInputs: true,\n\tskipDuplicateMapOutputs: true) ~> FixColumnNames\nFixColumnNames derive(iRecMd5Hash = md5(iif(isNull(idesc),'',toString(idesc))+iif(isNull(ifoodGroup),'',toString(ifoodGroup)))) ~> MD5Hash\nSmartFoodsFoodSQLDW split(isNull(RecEndDt),\n\tdisjoint: false) ~> FilterCurrentRows@(CurrentRecsOnly)\nMD5Hash, FilterCurrentRows@CurrentRecsOnly join(isku == sku,\n\tjoinType:'left',\n\tbroadcast: 'auto')~> JoinStagingToDWDim\nJoinStagingToDWDim split(isNull(sku),\n\t!isNull(sku) && (iRecMd5Hash!=RecMd5Hash),\n\tdisjoint: false) ~> SDC2Split@(New, Changed)\nSDC2Split@Changed select(mapColumn(\n\t\tsku,\n\t\tfoodKey,\n\t\tdesc,\n\t\tfoodGroup,\n\t\tRecInsertDt,\n\t\tRecStartDt,\n\t\tsourceLineage,\n\t\tRecMd5Hash\n\t),\n\tskipDuplicateMapInputs: true,\n\tskipDuplicateMapOutputs: true) ~> SelectChangedUpdate\nSelectChangedUpdate derive(RecEndDt = toDate($BatchDt, 'yyyy-MM-dd'),\n\t\tRecCurrInd = false()) ~> UpdateRecsBatchColumns\nSDC2Split@Changed select(mapColumn(\n\t\tsku = isku,\n\t\tdesc = idesc,\n\t\tfoodGroup = ifoodGroup,\n\t\tsourceLineage = isourceLineage,\n\t\tRecMd5Hash = iRecMd5Hash\n\t),\n\tskipDuplicateMapInputs: true,\n\tskipDuplicateMapOutputs: true) ~> SelectChangedInsert\nSDC2Split@New select(mapColumn(\n\t\tsku = isku,\n\t\tdesc = idesc,\n\t\tfoodGroup = ifoodGroup,\n\t\tsourceLineage = isourceLineage,\n\t\tRecMd5Hash = iRecMd5Hash\n\t),\n\tskipDuplicateMapInputs: false,\n\tskipDuplicateMapOutputs: true) ~> SelectNewInsert\nSelectNewInsert, SelectChangedInsert union(byName: true)~> AllInserts\nAllInserts keyGenerate(output(foodKey as long),\n\tstartAt: 1L) ~> SurrogateKey\nSurrogateKey derive(foodKey = foodKey+$MaxSurrogateKey) ~> AddMaxFoodKey\nAddMaxFoodKey derive(RecInsertDt = currentDate(),\n\t\tRecCurrInd = true(),\n\t\tRecStartDt = toDate($BatchDt,'yyyy-MM-dd'),\n\t\tRecEndDt = toDate(toString(null()))) ~> InsertRecsBatchColumns\nInsertRecsBatchColumns, UpdateRecsBatchColumns union(byName: true)~> UnionInsertUpdates\nUnionInsertUpdates alterRow(updateIf(!isNull(RecEndDt)),\n\tinsertIf(isNull(RecEndDt))) ~> MarkRow\nMarkRow sink(allowSchemaDrift: true,\n\tvalidateSchema: true,\n\tdeletable:false,\n\tinsertable:true,\n\tupdateable:true,\n\tupsertable:false,\n\tkeys:['foodKey'],\n\tformat: 'table',\n\tstagingSchemaName: 'SmartFoodsDW',\n\tskipDuplicateMapInputs: true,\n\tskipDuplicateMapOutputs: true,\n\terrorHandlingOption: 'stopOnFirstError') ~> FoodDim"
                }
            },
            "dependsOn": []
        },
        {
            "name": "[concat(parameters('factoryName'), '/SmartFoodFoodNutritionELT')]",
            "type": "Microsoft.DataFactory/factories/dataflows",
            "apiVersion": "2018-06-01",
            "properties": {
                "type": "MappingDataFlow",
                "typeProperties": {
                    "sources": [
                        {
                            "dataset": {
                                "referenceName": "SmartFoodsDelimitedTextBlob",
                                "type": "DatasetReference"
                            },
                            "name": "SmartFoodsFoodNutrientsStagingBlob"
                        },
                        {
                            "dataset": {
                                "referenceName": "SmartFoodsDelimitedTextBlob",
                                "type": "DatasetReference"
                            },
                            "name": "SmartFoodsNutrientsStaging"
                        },
                        {
                            "dataset": {
                                "referenceName": "AzureSqlTable1",
                                "type": "DatasetReference"
                            },
                            "name": "SmartFoodsFoodSQLDW"
                        }
                    ],
                    "sinks": [
                        {
                            "dataset": {
                                "referenceName": "AzureSqlTable1",
                                "type": "DatasetReference"
                            },
                            "name": "DBSink"
                        }
                    ],
                    "transformations": [
                        {
                            "name": "CurrentRecsOnly"
                        },
                        {
                            "name": "FilterZeroNutrients"
                        },
                        {
                            "name": "FixColumnNames"
                        },
                        {
                            "name": "JoinStagingToDWDim"
                        },
                        {
                            "name": "JoinNutrients"
                        },
                        {
                            "name": "removeExtraCols"
                        },
                        {
                            "name": "InsertRecsBatchColumns"
                        }
                    ],
                    "script": "parameters{\n\tBatchDt as string\n}\nsource(output(\n\t\titem_id as string,\n\t\tnut_id as string,\n\t\tnutritionValue as double\n\t),\n\tallowSchemaDrift: true,\n\tvalidateSchema: false,\n\tignoreNoFilesFound: false) ~> SmartFoodsFoodNutrientsStagingBlob\nsource(output(\n\t\tnut_id as string,\n\t\tnut_description as string,\n\t\tnut_units as string\n\t),\n\tallowSchemaDrift: true,\n\tvalidateSchema: false,\n\tignoreNoFilesFound: false) ~> SmartFoodsNutrientsStaging\nsource(output(\n\t\tsku as string,\n\t\tfoodKey as long,\n\t\tdesc as string,\n\t\tfoodGroup as string,\n\t\tRecInsertDt as date,\n\t\tRecStartDt as date,\n\t\tRecEndDt as date,\n\t\tRecCurrInd as boolean,\n\t\tsourceLineage as string,\n\t\tRecMd5Hash as string\n\t),\n\tallowSchemaDrift: false,\n\tvalidateSchema: false,\n\tignoreNoFilesFound: false,\n\tisolationLevel: 'READ_UNCOMMITTED',\n\tformat: 'table') ~> SmartFoodsFoodSQLDW\nSmartFoodsFoodSQLDW filter(isNull(RecEndDt)) ~> CurrentRecsOnly\nSmartFoodsFoodNutrientsStagingBlob filter(nutritionValue!=0) ~> FilterZeroNutrients\nFilterZeroNutrients select(mapColumn(\n\t\tisku = item_id,\n\t\tnutrientId = nut_id,\n\t\tnutritionValue\n\t),\n\tskipDuplicateMapInputs: true,\n\tskipDuplicateMapOutputs: true) ~> FixColumnNames\nFixColumnNames, CurrentRecsOnly join(isku == sku,\n\tjoinType:'left',\n\tbroadcast: 'auto')~> JoinStagingToDWDim\nJoinStagingToDWDim, SmartFoodsNutrientsStaging join(nutrientId == nut_id,\n\tjoinType:'inner',\n\tbroadcast: 'auto')~> JoinNutrients\nJoinNutrients select(mapColumn(\n\t\tnutrientId,\n\t\tnutritionValue,\n\t\tfoodKey,\n\t\tdesc = nut_description,\n\t\tnutUnit = nut_units\n\t),\n\tskipDuplicateMapInputs: true,\n\tskipDuplicateMapOutputs: true) ~> removeExtraCols\nremoveExtraCols derive(RecInsertDt = toDate($BatchDt, 'yyyy-MM-dd')) ~> InsertRecsBatchColumns\nInsertRecsBatchColumns sink(allowSchemaDrift: true,\n\tvalidateSchema: true,\n\tdeletable:false,\n\tinsertable:true,\n\tupdateable:false,\n\tupsertable:false,\n\ttruncate:true,\n\tformat: 'table',\n\tskipDuplicateMapInputs: true,\n\tskipDuplicateMapOutputs: true,\n\terrorHandlingOption: 'stopOnFirstError') ~> DBSink"
                }
            },
            "dependsOn": []
        },
        {
            "name": "[concat(parameters('factoryName'), '/InitialLoadSmartFoodAllfeedsApiToBlob')]",
            "type": "Microsoft.DataFactory/factories/pipelines",
            "apiVersion": "2018-06-01",
            "properties": {
                "activities": [
                    {
                        "name": "LoopSmartFoodsDates",
                        "type": "ForEach",
                        "dependsOn": [
                            {
                                "activity": "LookupDates",
                                "dependencyConditions": [
                                    "Succeeded"
                                ]
                            }
                        ],
                        "userProperties": [],
                        "typeProperties": {
                            "items": {
                                "value": "@activity('LookupDates').output.value",
                                "type": "Expression"
                            },
                            "isSequential": false,
                            "activities": [
                                {
                                    "name": "RunSmartFoodCustomerApiToBlob",
                                    "type": "ExecutePipeline",
                                    "dependsOn": [],
                                    "userProperties": [],
                                    "typeProperties": {
                                        "pipeline": {
                                            "referenceName": "SmartFoodCustomerApiToBlob",
                                            "type": "PipelineReference"
                                        },
                                        "waitOnCompletion": true,
                                        "parameters": {
                                            "date": {
                                                "value": "@item().date",
                                                "type": "Expression"
                                            }
                                        }
                                    }
                                },
                                {
                                    "name": "RunSmartFoodTransactionApiToBlob",
                                    "type": "ExecutePipeline",
                                    "dependsOn": [],
                                    "userProperties": [],
                                    "typeProperties": {
                                        "pipeline": {
                                            "referenceName": "SmartFoodTransactionApiToBlob",
                                            "type": "PipelineReference"
                                        },
                                        "waitOnCompletion": true,
                                        "parameters": {
                                            "date": {
                                                "value": "@item().date",
                                                "type": "Expression"
                                            }
                                        }
                                    }
                                }
                            ]
                        }
                    },
                    {
                        "name": "LookupDates",
                        "type": "Lookup",
                        "dependsOn": [],
                        "policy": {
                            "timeout": "7.00:00:00",
                            "retry": 0,
                            "retryIntervalInSeconds": 30,
                            "secureOutput": false,
                            "secureInput": false
                        },
                        "userProperties": [],
                        "typeProperties": {
                            "source": {
                                "type": "DelimitedTextSource",
                                "storeSettings": {
                                    "type": "AzureBlobStorageReadSettings",
                                    "recursive": true,
                                    "enablePartitionDiscovery": false
                                },
                                "formatSettings": {
                                    "type": "DelimitedTextReadSettings"
                                }
                            },
                            "dataset": {
                                "referenceName": "SmartFoodsDelimitedTextBlob",
                                "type": "DatasetReference",
                                "parameters": {
                                    "folder": "ref_data",
                                    "filename": "dates",
                                    "filetype": "csv"
                                }
                            },
                            "firstRowOnly": false
                        }
                    }
                ],
                "variables": {
                    "dates": {
                        "type": "Array",
                        "defaultValue": [
                            "2020-01-01",
                            "2020-01-02",
                            "2020-01-03",
                            "2020-01-04"
                        ]
                    }
                },
                "annotations": [],
                "lastPublishTime": "2021-01-24T23:25:58Z"
            },
            "dependsOn": []
        },
        {
            "name": "[concat(parameters('factoryName'), '/InitialLoadWWICustomerSftpToBlob')]",
            "type": "Microsoft.DataFactory/factories/pipelines",
            "apiVersion": "2018-06-01",
            "properties": {
                "activities": [
                    {
                        "name": "GetWWICustomerFileListSFTP",
                        "type": "GetMetadata",
                        "dependsOn": [],
                        "policy": {
                            "timeout": "7.00:00:00",
                            "retry": 0,
                            "retryIntervalInSeconds": 30,
                            "secureOutput": false,
                            "secureInput": false
                        },
                        "userProperties": [],
                        "typeProperties": {
                            "dataset": {
                                "referenceName": "WWISftpParquet",
                                "type": "DatasetReference",
                                "parameters": {
                                    "folder": "WorldWideImporters/customers",
                                    "filename": "*",
                                    "filetype": "parquet"
                                }
                            },
                            "fieldList": [
                                "childItems"
                            ],
                            "storeSettings": {
                                "type": "SftpReadSettings",
                                "recursive": true,
                                "enablePartitionDiscovery": false
                            }
                        }
                    },
                    {
                        "name": "FilterWWISFTPCustomerFileNames",
                        "type": "Filter",
                        "dependsOn": [
                            {
                                "activity": "GetWWICustomerFileListSFTP",
                                "dependencyConditions": [
                                    "Succeeded"
                                ]
                            }
                        ],
                        "userProperties": [],
                        "typeProperties": {
                            "items": {
                                "value": "@activity('GetWWICustomerFileListSFTP').output.childitems",
                                "type": "Expression"
                            },
                            "condition": {
                                "value": "@not(or(contains(item().name,'testing'),contains(item().name,'old')))",
                                "type": "Expression"
                            }
                        }
                    },
                    {
                        "name": "LoopWWISftpCustomerFiles",
                        "type": "ForEach",
                        "dependsOn": [
                            {
                                "activity": "FilterWWISFTPCustomerFileNames",
                                "dependencyConditions": [
                                    "Succeeded"
                                ]
                            }
                        ],
                        "userProperties": [],
                        "typeProperties": {
                            "items": {
                                "value": "@activity('FilterWWISFTPCustomerFileNames').output.Value",
                                "type": "Expression"
                            },
                            "isSequential": false,
                            "activities": [
                                {
                                    "name": "ExecuteWWICustomersSftpToBlob",
                                    "type": "ExecutePipeline",
                                    "dependsOn": [],
                                    "userProperties": [],
                                    "typeProperties": {
                                        "pipeline": {
                                            "referenceName": "WWICustomersSftpToBlob",
                                            "type": "PipelineReference"
                                        },
                                        "waitOnCompletion": true,
                                        "parameters": {
                                            "date": {
                                                "value": "@substring(item().name,add(indexof(item().name,'_'),1),10)",
                                                "type": "Expression"
                                            }
                                        }
                                    }
                                }
                            ]
                        }
                    }
                ],
                "annotations": [],
                "lastPublishTime": "2021-01-25T01:33:24Z"
            },
            "dependsOn": [
                "[concat(variables('factoryId'), '/pipelines/WWICustomersSftpToBlob')]"
            ]
        },
        {
            "name": "[concat(parameters('factoryName'), '/InitialLoadWWIOrderlineSftpToBlob')]",
            "type": "Microsoft.DataFactory/factories/pipelines",
            "apiVersion": "2018-06-01",
            "properties": {
                "activities": [
                    {
                        "name": "GetWWIOrderlineFileListSFTP",
                        "type": "GetMetadata",
                        "dependsOn": [],
                        "policy": {
                            "timeout": "7.00:00:00",
                            "retry": 0,
                            "retryIntervalInSeconds": 30,
                            "secureOutput": false,
                            "secureInput": false
                        },
                        "userProperties": [],
                        "typeProperties": {
                            "dataset": {
                                "referenceName": "WWISftpParquet",
                                "type": "DatasetReference",
                                "parameters": {
                                    "folder": "WorldWideImporters/orderlines",
                                    "filename": "*",
                                    "filetype": "parquet"
                                }
                            },
                            "fieldList": [
                                "childItems"
                            ],
                            "storeSettings": {
                                "type": "SftpReadSettings",
                                "recursive": true,
                                "enablePartitionDiscovery": false
                            }
                        }
                    },
                    {
                        "name": "FilterWWISFTPOrderlineFileNames",
                        "type": "Filter",
                        "dependsOn": [
                            {
                                "activity": "GetWWIOrderlineFileListSFTP",
                                "dependencyConditions": [
                                    "Succeeded"
                                ]
                            }
                        ],
                        "userProperties": [],
                        "typeProperties": {
                            "items": {
                                "value": "@activity('GetWWIOrderlineFileListSFTP').output.childitems",
                                "type": "Expression"
                            },
                            "condition": {
                                "value": "@not(or(contains(item().name,'testing'),contains(item().name,'old')))",
                                "type": "Expression"
                            }
                        }
                    },
                    {
                        "name": "LoopWWISftpOrderlineFiles",
                        "type": "ForEach",
                        "dependsOn": [
                            {
                                "activity": "FilterWWISFTPOrderlineFileNames",
                                "dependencyConditions": [
                                    "Succeeded"
                                ]
                            }
                        ],
                        "userProperties": [],
                        "typeProperties": {
                            "items": {
                                "value": "@activity('FilterWWISFTPOrderlineFileNames').output.Value",
                                "type": "Expression"
                            },
                            "isSequential": false,
                            "activities": [
                                {
                                    "name": "ExecuteWWIOrderlinesSftpToBlob",
                                    "type": "ExecutePipeline",
                                    "dependsOn": [],
                                    "userProperties": [],
                                    "typeProperties": {
                                        "pipeline": {
                                            "referenceName": "WWIOrderlinesSftpToBlob",
                                            "type": "PipelineReference"
                                        },
                                        "waitOnCompletion": true,
                                        "parameters": {
                                            "date": {
                                                "value": "@substring(item().name,add(indexof(item().name,'_'),1),10)",
                                                "type": "Expression"
                                            }
                                        }
                                    }
                                }
                            ]
                        }
                    }
                ],
                "annotations": [],
                "lastPublishTime": "2021-01-25T02:26:40Z"
            },
            "dependsOn": [
                "[concat(variables('factoryId'), '/pipelines/WWIOrderlinesSftpToBlob')]"
            ]
        },
        {
            "name": "[concat(parameters('factoryName'), '/InitialLoadWWIOrderSftpToBlob')]",
            "type": "Microsoft.DataFactory/factories/pipelines",
            "apiVersion": "2018-06-01",
            "properties": {
                "activities": [
                    {
                        "name": "GetWWIOrderFileListSFTP",
                        "type": "GetMetadata",
                        "dependsOn": [],
                        "policy": {
                            "timeout": "7.00:00:00",
                            "retry": 0,
                            "retryIntervalInSeconds": 30,
                            "secureOutput": false,
                            "secureInput": false
                        },
                        "userProperties": [],
                        "typeProperties": {
                            "dataset": {
                                "referenceName": "WWISftpParquet",
                                "type": "DatasetReference",
                                "parameters": {
                                    "folder": "WorldWideImporters/orders",
                                    "filename": "*",
                                    "filetype": "parquet"
                                }
                            },
                            "fieldList": [
                                "childItems"
                            ],
                            "storeSettings": {
                                "type": "SftpReadSettings",
                                "recursive": true,
                                "enablePartitionDiscovery": false
                            }
                        }
                    },
                    {
                        "name": "FilterWWISFTPOrderFileNames",
                        "type": "Filter",
                        "dependsOn": [
                            {
                                "activity": "GetWWIOrderFileListSFTP",
                                "dependencyConditions": [
                                    "Succeeded"
                                ]
                            }
                        ],
                        "userProperties": [],
                        "typeProperties": {
                            "items": {
                                "value": "@activity('GetWWIOrderFileListSFTP').output.childitems",
                                "type": "Expression"
                            },
                            "condition": {
                                "value": "@not(or(contains(item().name,'testing'),contains(item().name,'old')))",
                                "type": "Expression"
                            }
                        }
                    },
                    {
                        "name": "LoopWWISftpOrderFiles",
                        "type": "ForEach",
                        "dependsOn": [
                            {
                                "activity": "FilterWWISFTPOrderFileNames",
                                "dependencyConditions": [
                                    "Succeeded"
                                ]
                            }
                        ],
                        "userProperties": [],
                        "typeProperties": {
                            "items": {
                                "value": "@activity('FilterWWISFTPOrderFileNames').output.Value",
                                "type": "Expression"
                            },
                            "isSequential": false,
                            "activities": [
                                {
                                    "name": "ExecuteWWIOrdersSftpToBlob",
                                    "type": "ExecutePipeline",
                                    "dependsOn": [],
                                    "userProperties": [],
                                    "typeProperties": {
                                        "pipeline": {
                                            "referenceName": "WWIOrdersSftpToBlob",
                                            "type": "PipelineReference"
                                        },
                                        "waitOnCompletion": true,
                                        "parameters": {
                                            "date": {
                                                "value": "@substring(item().name,add(indexof(item().name,'_'),1),10)",
                                                "type": "Expression"
                                            }
                                        }
                                    }
                                }
                            ]
                        }
                    }
                ],
                "annotations": [],
                "lastPublishTime": "2021-01-25T02:26:40Z"
            },
            "dependsOn": [
                "[concat(variables('factoryId'), '/pipelines/WWIOrdersSftpToBlob')]"
            ]
        },
        {
            "name": "[concat(parameters('factoryName'), '/SmartFoodsCustomerELTBlobToSql')]",
            "type": "Microsoft.DataFactory/factories/pipelines",
            "apiVersion": "2018-06-01",
            "properties": {
                "activities": [
                    {
                        "name": "SmartFoodsCustomerELT",
                        "type": "ExecuteDataFlow",
                        "dependsOn": [
                            {
                                "activity": "MaxCustomerKey",
                                "dependencyConditions": [
                                    "Succeeded"
                                ]
                            }
                        ],
                        "policy": {
                            "timeout": "7.00:00:00",
                            "retry": 0,
                            "retryIntervalInSeconds": 30,
                            "secureOutput": false,
                            "secureInput": false
                        },
                        "userProperties": [],
                        "typeProperties": {
                            "dataflow": {
                                "referenceName": "SmartFoodsCustomerELT",
                                "type": "DataFlowReference",
                                "parameters": {
                                    "MaxCustomerKey": {
                                        "value": "@activity('MaxCustomerKey').output.firstRow.maxSK",
                                        "type": "Expression"
                                    },
                                    "BatchDt": {
                                        "value": "'@{pipeline().parameters.BatchDt}'",
                                        "type": "Expression"
                                    }
                                },
                                "datasetParameters": {
                                    "SmartFoodsCustomerStagingBlob": {
                                        "folder": "customers",
                                        "filename": "smartfoods_customers_@{replace(pipeline().parameters.BatchDt,'-','')}",
                                        "filetype": "csv"
                                    },
                                    "SmartFoodsCustomerSQLDW": {
                                        "schema": "SmartFoodsDW",
                                        "table_name": "customerDim"
                                    },
                                    "DBSink": {
                                        "schema": "SmartFoodsDW",
                                        "table_name": "customerDim"
                                    }
                                }
                            },
                            "staging": {},
                            "compute": {
                                "coreCount": 8,
                                "computeType": "General"
                            },
                            "traceLevel": "Fine"
                        }
                    },
                    {
                        "name": "MaxCustomerKey",
                        "type": "Lookup",
                        "dependsOn": [],
                        "policy": {
                            "timeout": "7.00:00:00",
                            "retry": 0,
                            "retryIntervalInSeconds": 30,
                            "secureOutput": false,
                            "secureInput": false
                        },
                        "userProperties": [],
                        "typeProperties": {
                            "source": {
                                "type": "AzureSqlSource",
                                "sqlReaderQuery": "select coalesce(max(CustomerKey),0) maxSK from SmartFoodsDW.customerDim",
                                "queryTimeout": "02:00:00",
                                "partitionOption": "None"
                            },
                            "dataset": {
                                "referenceName": "AzureSqlTable1",
                                "type": "DatasetReference",
                                "parameters": {
                                    "schema": "SmartFoodsDW",
                                    "table_name": "customerdim"
                                }
                            }
                        }
                    }
                ],
                "parameters": {
                    "BatchDt": {
                        "type": "string"
                    }
                },
                "annotations": []
            },
            "dependsOn": []
        },
        {
            "name": "[concat(parameters('factoryName'), '/SmartFoodsInitialLoadELT')]",
            "type": "Microsoft.DataFactory/factories/pipelines",
            "apiVersion": "2018-06-01",
            "properties": {
                "activities": [
                    {
                        "name": "ForEach1",
                        "type": "ForEach",
                        "dependsOn": [],
                        "userProperties": [],
                        "typeProperties": {
                            "items": {
                                "value": "@variables('dates')",
                                "type": "Expression"
                            },
                            "isSequential": true,
                            "activities": [
                                {
                                    "name": "Execute Pipeline1",
                                    "type": "ExecutePipeline",
                                    "dependsOn": [],
                                    "userProperties": [],
                                    "typeProperties": {
                                        "pipeline": {
                                            "referenceName": "SmartFoodsCustomerELTBlobToSql",
                                            "type": "PipelineReference"
                                        },
                                        "waitOnCompletion": true,
                                        "parameters": {
                                            "BatchDt": {
                                                "value": "@item()",
                                                "type": "Expression"
                                            }
                                        }
                                    }
                                }
                            ]
                        }
                    }
                ],
                "variables": {
                    "dates": {
                        "type": "String",
                        "defaultValue": "[[\"2020-01-01\",\"2020-01-02\",\"2020-01-03\",\"2020-01-04\",\"2020-01-05\",\"2020-01-06\"]"
                    }
                },
                "annotations": []
            },
            "dependsOn": [
                "[concat(variables('factoryId'), '/pipelines/SmartFoodsCustomerELTBlobToSql')]"
            ]
        }
    ]
}